{"alpha_list": [10, 20, 30, 40, 50], "mae_y1": [0.001415207129821184, 0.00495945441118499, 0.006179649839555318, 0.015706050085084352, 0.010875282703345415], "mae_y2": [0.0008477564706421955, 0.0004569896118073973, 0.0011518048298181885, 0.002947524442319202, 0.002607191380589367], "maxae_y1": [0.0037925268012519164, 0.011694245939813719, 0.01380789048810993, 0.022134273135011484, 0.01902889214634218], "maxae_y2": [0.001157554311473935, 0.003633934787006937, 0.10744526668363957, 0.45080270721537635, 0.49189190534912247]}