{"alpha_list": [10, 20, 30, 40], "mae_y1": [0.0014356063146065297, 0.0025604063073867917, 0.005392278136118797, 0.027977663624650588], "mae_y2": [0.0011712421503877262, 0.0023175616863224144, 0.00454203880683438, 0.010832555680567], "maxae_y1": [0.0048298267866455635, 0.007210898440731972, 0.013027644839216257, 0.04082978363691869], "maxae_y2": [0.004635167279310792, 0.01954638820491983, 0.056678515173009814, 0.17431019819925428]}