{"alpha_list": [10, 20, 30, 40], "mae_y1": [0.002432769343992373, 0.011301611898600124, 0.14234870811469422, 0.2858090720599465], "mae_y2": [0.004227653844205298, 0.011549358545265762, 0.13791892549955434, 0.2786502181302302], "maxae_y1": [0.010910864544256785, 0.048469442866101, 0.4586581032339132, 0.5776308860445909], "maxae_y2": [0.012774891809834599, 0.08468578063472876, 0.49316928981094943, 0.5611611272541586]}