{"alpha_list": [10, 20, 30, 40, 50, 60, 70, 80, 90, 100, 110, 120, 130, 140, 150], "mae_y1": [2.965978247802326e-06, 2.05943216744453e-05, 0.0002793199537017869, 0.001162996391707678, 0.002901171717894158, 0.0045706349130002644, 0.006061081165864201, 0.006867346696461217, 0.006953568751666445, 0.007423537119318896, 0.007997204114956687, 0.005307133850790186, 0.0035479661441916786, 0.002234849329342652, 0.0014899420312327809], "mae_y2": [1.142337047308051e-06, 1.1029359486896247e-05, 5.080088956084447e-05, 0.00010927647524022622, 0.00032070017721845886, 0.000541341515025946, 0.0007757267846543758, 0.0009657281908311209, 0.0010653487407056197, 0.0010668056237919804, 0.0010029454845681823, 0.000948148140861989, 0.0008794619436757762, 0.000815273054491148, 0.0007592796157106069], "maxae_y1": [1.1179083911572185e-05, 5.045217858923312e-05, 0.0006028527022928776, 0.0023991634402746875, 0.007346664942255776, 0.011354219606961924, 0.014547802746251004, 0.015454473934969903, 0.018122645278040306, 0.020413871638576442, 0.02122331944849143, 0.018163988120691865, 0.015675554849207796, 0.013539538209228708, 0.011741892899690631], "maxae_y2": [9.54237925610002e-06, 7.579291899571447e-05, 0.0006481644754187874, 0.0016564442310529268, 0.00408592597963825, 0.011979024811599626, 0.03584323239151033, 0.08078550624942515, 0.1439417666606282, 0.2130101283313799, 0.27567136504372414, 0.32674134970772073, 0.36614087011293783, 0.39568790284328337, 0.41773711884687925]}