{"alpha_list": [10, 20, 30, 40, 50, 60, 70, 80, 90, 100, 110, 120, 130, 140, 150], "mae_y1": [3.0136994103527955e-05, 3.653676040498506e-05, 7.446428625896911e-05, 9.277998075549394e-05, 0.00016866674822845526, 0.00026614593913740854, 0.0004481599228801207, 0.0007275693523216552, 0.0012182180350708, 0.002002006634861951, 0.0030231326778971356, 0.004073098412767838, 0.005205252917533917, 0.00620530340105345, 0.007014654236732942], "mae_y2": [1.7714629287194518e-05, 2.110893062772505e-05, 3.43871918685331e-05, 3.76927182077836e-05, 5.2038701782091714e-05, 0.00010290284134721467, 0.00013136667859962653, 0.00021290261417026331, 0.00032975662992299924, 0.00043282398154353047, 0.0005623027916829726, 0.0006469789186139546, 0.0007632725240165579, 0.0008519409226402855, 0.0007219383928858767], "maxae_y1": [0.00010767579574511021, 0.0001348646949402843, 0.0002067800031396727, 0.00030903900733170175, 0.0005285210153191944, 0.000813504000082288, 0.0012270515901517953, 0.0017726943954164964, 0.003036144003480512, 0.005972040276793544, 0.009436275863486387, 0.01264134782519144, 0.015457609740398892, 0.017341248068044823, 0.02117543763066143], "maxae_y2": [6.001246119674564e-05, 7.492109831074012e-05, 0.00012656908771684593, 0.00034600366575157637, 0.000703704866625493, 0.0013024078610205866, 0.002213158150092473, 0.003406025603758963, 0.00579369061812729, 0.013062925645087375, 0.02649948413768044, 0.04828311810641139, 0.07967994794140054, 0.11993618904666903, 0.17426097719906863]}