{"alpha_list": [5, 10, 15, 20, 25, 30, 35, 40], "mae_y1": [0.00018834552021812457, 0.0008040192590418286, 0.0004339843293087388, 0.04104232615738623, 0.053234300340045275, 0.036763721905812334, 0.01698300670680041, 0.06425767168524332], "mae_y2": [0.00026522678634728733, 0.0002488727702337582, 0.0004814187098655867, 0.005821784085873846, 0.01023649311500195, 0.010104929027272606, 0.008852172174549495, 0.010333824473553122], "maxae_y1": [0.000476838875140273, 0.0017313512585248603, 0.0009295301512091125, 0.059812407058115746, 0.09011976812871891, 0.06354915238027226, 0.05529690349968819, 0.0974959291198152], "maxae_y2": [0.0006450392310910213, 0.0018499208273352608, 0.0026469845259175506, 0.0412882943403321, 0.0826383739239176, 0.11067773120081775, 0.14849080687334304, 0.16692367914545925]}