{"alpha_list": [10, 15, 20, 25, 30, 35, 40, 45, 50, 55, 60, 65, 70, 75, 80, 85, 90, 95, 100, 105, 110, 115, 120, 125, 130, 135, 140, 145, 150], "mae_y1": [0.00010368747365366487, 0.00014623349171436845, 0.00022841969794200212, 0.00035412459573776217, 0.000535080644154477, 0.0007615849774977502, 0.0010383322882687976, 0.0013728186067726244, 0.0017732610881791722, 0.0022497883409716454, 0.0031169441917995293, 0.003931271560583352, 0.004898202177921471, 0.0060301695879722405, 0.007356002430253911, 0.008883910673036685, 0.010667526886566001, 0.012712124978499183, 0.014977385567521012, 0.017443886055730433, 0.020094492663508837, 0.021610787706975235, 0.024317472145766086, 0.027079236980843677, 0.02989020400154228, 0.032659721117557036, 0.03571062509780188, 0.03830758687088096, 0.040709375359249435], "mae_y2": [8.620255826924472e-05, 0.00013999734937217333, 0.0002176531829073144, 0.0003359053841394848, 0.000516190779527137, 0.0007421197047902152, 0.0010178148767884926, 0.001348187160417634, 0.0017473280254092591, 0.0022235736242260332, 0.0030976850680467603, 0.0039046351951992275, 0.004864806771036076, 0.005993123900725719, 0.007300742748651239, 0.008834343055966835, 0.010623191405878727, 0.0126664807203689, 0.014916054881401944, 0.017366379818113075, 0.019995798418248795, 0.021486090361780417, 0.024164829532389763, 0.026899066881039015, 0.029670165196428254, 0.03240708099038755, 0.03534435213416649, 0.037874914985042835, 0.04024149931741227], "maxae_y1": [0.0003493573374497849, 0.00044408656667527246, 0.0007730404303154526, 0.0012281006766543534, 0.0019023020738038188, 0.0028393276101121856, 0.004024304086682529, 0.005465359446230833, 0.007205350370045438, 0.00935805657332689, 0.008944163575945518, 0.011382528671183834, 0.014200426629455087, 0.0174550042370043, 0.021132708112480136, 0.027821371476180135, 0.036997626833113584, 0.0483381950360251, 0.06204175083507568, 0.07819189489033573, 0.09679495841365249, 0.1130186451290216, 0.13524814127762785, 0.15894002733193635, 0.18403274571565187, 0.2098131707013171, 0.2629871346636734, 0.28895347891460665, 0.31364892386298115], "maxae_y2": [0.00028513845533550963, 0.0004027101773711461, 0.0007319219990791215, 0.0012942581587209734, 0.002052878974941552, 0.00302387238932178, 0.004259560607885571, 0.0057657843884104665, 0.007619342771724824, 0.00982761972021029, 0.0104925256543269, 0.01337852920807947, 0.017087129007237856, 0.021885396162244053, 0.027913323391963285, 0.035561649486675506, 0.04494099339324187, 0.05655833889773776, 0.0703091677853207, 0.08638284244807393, 0.10481389493236559, 0.12194288897632699, 0.14390081270505783, 0.1672889805420481, 0.191937875924324, 0.21723494451702807, 0.26355457840599383, 0.28906235329783536, 0.3134285301626005]}